{"scale_0": {"loss": 0.43297749757766724, "rec_loss": 0.0004693031660281122, "total_loss": 0.4799078106880188, "epoch": 9998}, "_runtime": 176, "_timestamp": 1628419593, "_step": 19486, "scale_1": {"loss": 0.36617156863212585, "rec_loss": 0.00025600814842619, "total_loss": 0.39177238941192627, "epoch": 9487}}